<?xml version="1.0" encoding="UTF-8"?>
<cfdi:Comprobante 
    xmlns:xsi="http://www.w3.org/2001/XMLSchema-instance" 
    xsi:schemaLocation="http://www.sat.gob.mx/cfd/3 http://www.sat.gob.mx/sitio_internet/cfd/3/cfdv33.xsd"
    Version="3.3" Folio="001-7583"
    Fecha="2017-05-03T11:21:06"
    Sello="sin sello"
    FormaPago="03" NoCertificado="20001000000200001428"
    Certificado="sin cert"
    CondicionesDePago="NET 45 DAYS" SubTotal="96631.33" Descuento="0" Moneda="MXN" Total="112092.34"
    TipoDeComprobante="I" MetodoPago="PUE" LugarExpedicion="44630"
    xmlns:cfdi="http://www.sat.gob.mx/cfd/3">
    <cfdi:Emisor Rfc="AAA010101AAA" Nombre="Brown-Forman Tequila Mexico S de RL de CV"
        RegimenFiscal="601"/>
    <cfdi:Receptor Rfc="BSD091215F68" Nombre="Empresa Prueba B" UsoCFDI="G01"/>
    <cfdi:Conceptos>
        <cfdi:Concepto ClaveProdServ="01010101" NoIdentificacion="10000" Cantidad="360"
            ClaveUnidad="C81" Unidad="CAJA" Descripcion="Articulo 1"
            ValorUnitario="268.42" Importe="96631.33" Descuento="0">
            <cfdi:Impuestos>
                <cfdi:Traslados>
                    <cfdi:Traslado Base="96631.33" Impuesto="002" TipoFactor="Tasa"
                        TasaOCuota="0.160000" Importe="15461.01"/>
                </cfdi:Traslados>
            </cfdi:Impuestos>
        </cfdi:Concepto>
    </cfdi:Conceptos>
    <cfdi:Impuestos TotalImpuestosRetenidos="0.00" TotalImpuestosTrasladados="15461.01">
        <cfdi:Traslados>
            <cfdi:Traslado Impuesto="002" TipoFactor="Tasa" TasaOCuota="0.160000" Importe="15461.01"
            />
        </cfdi:Traslados>
    </cfdi:Impuestos>
</cfdi:Comprobante>
