<?xml version="1.0" encoding="UTF-8"?>
<diverza xmlns:tdCFDI="http://www.sat.gob.mx/sitio_internet/cfd/tipoDatos/tdCFDI"
 xmlns="http://www.diverza.com/ns/addenda/diverza/1"
 xmlns:xsi="http://www.w3.org/2001/XMLSchema-instance"
 xsi:schemaLocation="http://www.diverza.com/ns/addenda/diverza/1 file:/Users/osvaldosanchez/Documents/DIVERZA/Addenda_Diverza_v1.1.xsd" version="1.1">
    <generales tipoDocumento="tipoDocumento1" totalConLetra="totalConLetra1" observaciones="observaciones1" numeroOrden="numeroOrden1"
         nombreTransportista="nombreTransportista1" numeroEntrega="numeroEntrega1" terminosPago="terminosPago1"
         fechaEntrega="2006-05-04" fechaTipoCambio="2006-05-04"/>
    <clavesDescripcion c_FormaPago="c_FormaPago1" c_Moneda="c_Moneda1" c_TipoDeComprobante="c_TipoDeComprobante1" c_MetodoPago="c_MetodoPago1"
         c_LugarExpedicion="c_LugarExpedicion1" c_TipoRelacion="c_TipoRelacion1" c_RegimenFiscal="c_RegimenFiscal1"
         c_ResidenciaFiscal="c_ResidenciaFiscal1" c_UsoCFDI="c_UsoCFDI1"/>
    <emisor vendedor="vendedor1" numeroProveedor="numeroProveedor1" tipoProveedor="tipoProveedor1" gln="gln1">
        <datosContactoE telefono="telefono1" emailComercial="emailComercial1" emailContacto="emailContacto1" web="web1"/>
        <domicilioFiscalE codigoSitio="codigoSitio1" calle="calle1" numero="numero1" colonia="colonia1" ciudad="ciudad1" municipio="municipio1"
             estado="estado1" pais="pais1" codigoPostal="codigoPostal1"/>
        <sucursalE alias="alias1">
            <domicilioSucursal codigoSitio="codigoSitio3" calle="calle3" numero="numero3" colonia="colonia3" ciudad="ciudad3" municipio="municipio3"
                 estado="estado3" pais="pais3" codigoPostal="codigoPostal3"/>
            <datosContacto telefono="telefono3" emailComercial="emailComercial3" emailContacto="emailContacto3" web="web3"/>
        </sucursalE>
    </emisor>
    <receptor numCliente="numCliente1">
        <datosContactoR telefono="telefono5" emailComercial="emailComercial5" emailContacto="emailContacto5" web="web5"/>
        <domicilioFiscalR codigoSitio="codigoSitio5" calle="calle5" numero="numero5" colonia="colonia5" ciudad="ciudad5" municipio="municipio5"
             estado="estado5" pais="pais5" codigoPostal="codigoPostal5"/>
        <destino>
            <domicilioDestinoR codigoSitio="codigoSitio7" calle="calle7" numero="numero7" colonia="colonia7" ciudad="ciudad7" municipio="municipio7"
                 estado="estado7" pais="pais7" codigoPostal="codigoPostal7"/>
            <domicilioDestinoR codigoSitio="codigoSitio9" calle="calle9" numero="numero9" colonia="colonia9" ciudad="ciudad9" municipio="municipio9"
                 estado="estado9" pais="pais9" codigoPostal="codigoPostal9"/>
        </destino>
    </receptor>
    <conceptos numeroConceptos="50">
        <concepto indicador="indicador1" identificador1="identificador11" identificador2="identificador21" descripcionExtranjera="descripcionExtranjera1"
             valorUnitarioMonedaExtranjera="0" importeMonedaExtranjera="0" mensaje="mensaje1" unidadMedida="unidadMedida1"
             codigoEAN="codigoEAN1" sku="sku1" nombreTransportistaC="nombreTransportistaC1" numeroEntregaC="numeroEntregaC1"
             fechaEntregaC="2006-05-04">
            <datosExtraC indicador="indicador3" atributo="atributo1" valor="valor1" prefijo="prefijo1" sufijo="sufijo1"/>
            <datosExtraC indicador="indicador5" atributo="atributo3" valor="valor3" prefijo="prefijo3" sufijo="sufijo3"/>
        </concepto>
        <concepto indicador="indicador7" identificador1="identificador13" identificador2="identificador23" descripcionExtranjera="descripcionExtranjera3"
             valorUnitarioMonedaExtranjera="0" importeMonedaExtranjera="0" mensaje="mensaje3" unidadMedida="unidadMedida3"
             codigoEAN="codigoEAN3" sku="sku3" nombreTransportistaC="nombreTransportistaC3" numeroEntregaC="numeroEntregaC3"
             fechaEntregaC="2006-05-04">
            <datosExtraC indicador="indicador9" atributo="atributo5" valor="valor5" prefijo="prefijo5" sufijo="sufijo5"/>
            <datosExtraC indicador="indicador11" atributo="atributo7" valor="valor7" prefijo="prefijo7" sufijo="sufijo7"/>
        </concepto>
    </conceptos>
    <complemento>
        <datosExtra indicador="indicador13" atributo="atributo9" valor="valor9" prefijo="prefijo9" sufijo="sufijo9"/>
        <datosExtra indicador="indicador15" atributo="atributo11" valor="valor11" prefijo="prefijo11" sufijo="sufijo11"/>
    </complemento>
</diverza>
