<?xml version="1.0" encoding="UTF-8"?>
<Comprobante xmlns:catCFDI="http://www.sat.gob.mx/sitio_internet/cfd/catalogos"
 xmlns="http://www.sat.gob.mx/cfd/3"
 xmlns:tdCFDI="http://www.sat.gob.mx/sitio_internet/cfd/tipoDatos/tdCFDI"
 xmlns:xsi="http://www.w3.org/2001/XMLSchema-instance"
 xsi:schemaLocation="http://www.sat.gob.mx/cfd/3 file:/Users/osvaldosanchez/Documents/PROYECTOS/2017/SAT/CFDI%203.3/20Feb2017/cfdv33.xsd" Version="3.3" Serie="Serie1" Folio="Folio1" Fecha="2006-05-04T18:13:51.0Z" Sello="Sello1" FormaPago="01"
     NoCertificado="00000000000000000000" Certificado="Certificado1" CondicionesDePago="CondicionesDePago1"
     SubTotal="50.000000" Descuento="50.000000" Moneda="AED" TipoCambio="50.000000" Total="50.000000"
     TipoDeComprobante="I" MetodoPago="PUE" LugarExpedicion="00000" Confirmacion="00000">
    <CfdiRelacionados TipoRelacion="01">
        <CfdiRelacionado UUID="00000000-0000-0000-0000-000000000000"/>
        <CfdiRelacionado UUID="00000000-0000-0000-0000-000000000000"/>
    </CfdiRelacionados>
    <Emisor Rfc="&amp;&amp;&amp;000101000" Nombre="Nombre1" RegimenFiscal="601"/>
    <Receptor Rfc="&amp;&amp;&amp;000101000" Nombre="Nombre3" ResidenciaFiscal="AFG" NumRegIdTrib="NumRegIdTrib1"
         UsoCFDI="G01"/>
    <Conceptos>
        <Concepto ClaveProdServ="01010101" NoIdentificacion="NoIdentificacion1" Cantidad="50.000000" ClaveUnidad="C81"
             Unidad="Unidad1" Descripcion="Descripcion1" ValorUnitario="50.000000" Importe="50.000000"
             Descuento="50.000000">
            <Impuestos>
                <Traslados>
                    <Traslado Base="50.000000" Impuesto="001" TipoFactor="Tasa" TasaOCuota="0.000000" Importe="50.000000"/>
                    <Traslado Base="50.000000" Impuesto="001" TipoFactor="Tasa" TasaOCuota="0.000000" Importe="50.000000"/>
                </Traslados>
                <Retenciones>
                    <Retencion Base="50.000000" Impuesto="001" TipoFactor="Tasa" TasaOCuota="50.000000" Importe="50.000000"/>
                    <Retencion Base="50.000000" Impuesto="001" TipoFactor="Tasa" TasaOCuota="50.000000" Importe="50.000000"/>
                </Retenciones>
            </Impuestos>
            <InformacionAduanera NumeroPedimento="00  00  0000  0000000"/>
            <InformacionAduanera NumeroPedimento="00  00  0000  0000000"/>
            <CuentaPredial Numero="0"/>
            <ComplementoConcepto>
            </ComplementoConcepto>
            <Parte ClaveProdServ="01010101" NoIdentificacion="NoIdentificacion3" Cantidad="50.000000" Unidad="Unidad3"
                 Descripcion="Descripcion3" ValorUnitario="50.000000" Importe="50.000000">
                <InformacionAduanera NumeroPedimento="00  00  0000  0000000"/>
                <InformacionAduanera NumeroPedimento="00  00  0000  0000000"/>
            </Parte>
            <Parte ClaveProdServ="01010101" NoIdentificacion="NoIdentificacion5" Cantidad="50.000000" Unidad="Unidad5"
                 Descripcion="Descripcion5" ValorUnitario="50.000000" Importe="50.000000">
                <InformacionAduanera NumeroPedimento="00  00  0000  0000000"/>
                <InformacionAduanera NumeroPedimento="00  00  0000  0000000"/>
            </Parte>
        </Concepto>
        <Concepto ClaveProdServ="01010101" NoIdentificacion="NoIdentificacion7" Cantidad="50.000000" ClaveUnidad="C81"
             Unidad="Unidad7" Descripcion="Descripcion7" ValorUnitario="50.000000" Importe="50.000000"
             Descuento="50.000000">
            <Impuestos>
                <Traslados>
                    <Traslado Base="50.000000" Impuesto="001" TipoFactor="Tasa" TasaOCuota="0.000000" Importe="50.000000"/>
                    <Traslado Base="50.000000" Impuesto="001" TipoFactor="Tasa" TasaOCuota="0.000000" Importe="50.000000"/>
                </Traslados>
                <Retenciones>
                    <Retencion Base="50.000000" Impuesto="001" TipoFactor="Tasa" TasaOCuota="50.000000" Importe="50.000000"/>
                    <Retencion Base="50.000000" Impuesto="001" TipoFactor="Tasa" TasaOCuota="50.000000" Importe="50.000000"/>
                </Retenciones>
            </Impuestos>
            <InformacionAduanera NumeroPedimento="00  00  0000  0000000"/>
            <InformacionAduanera NumeroPedimento="00  00  0000  0000000"/>
            <CuentaPredial Numero="0"/>
            <ComplementoConcepto>
            </ComplementoConcepto>
            <Parte ClaveProdServ="01010101" NoIdentificacion="NoIdentificacion9" Cantidad="50.000000" Unidad="Unidad9"
                 Descripcion="Descripcion9" ValorUnitario="50.000000" Importe="50.000000">
                <InformacionAduanera NumeroPedimento="00  00  0000  0000000"/>
                <InformacionAduanera NumeroPedimento="00  00  0000  0000000"/>
            </Parte>
            <Parte ClaveProdServ="01010101" NoIdentificacion="NoIdentificacion11" Cantidad="50.000000" Unidad="Unidad11"
                 Descripcion="Descripcion11" ValorUnitario="50.000000" Importe="50.000000">
                <InformacionAduanera NumeroPedimento="00  00  0000  0000000"/>
                <InformacionAduanera NumeroPedimento="00  00  0000  0000000"/>
            </Parte>
        </Concepto>
    </Conceptos>
    <Impuestos TotalImpuestosRetenidos="50.000000" TotalImpuestosTrasladados="50.000000">
        <Retenciones>
            <Retencion Impuesto="001" Importe="50.000000"/>
            <Retencion Impuesto="001" Importe="50.000000"/>
        </Retenciones>
        <Traslados>
            <Traslado Impuesto="001" TipoFactor="Tasa" TasaOCuota="0.000000" Importe="50.000000"/>
            <Traslado Impuesto="001" TipoFactor="Tasa" TasaOCuota="0.000000" Importe="50.000000"/>
        </Traslados>
    </Impuestos>
    <Complemento>
    </Complemento>
    <Addenda>
        <diverza xmlns:tdCFDI="http://www.sat.gob.mx/sitio_internet/cfd/tipoDatos/tdCFDI"
            xmlns="http://www.diverza.com/ns/addenda/diverza/1"
            xmlns:xsi="http://www.w3.org/2001/XMLSchema-instance"
            xsi:schemaLocation="http://www.diverza.com/ns/addenda/diverza/1 file:/Users/osvaldosanchez/Documents/DIVERZA/Addenda_Diverza_v1.1.xsd" version="1.1">
            <generales tipoDocumento="tipoDocumento1" totalConLetra="totalConLetra1" observaciones="observaciones1" numeroOrden="numeroOrden1"
                nombreTransportista="nombreTransportista1" numeroEntrega="numeroEntrega1" terminosPago="terminosPago1"
                fechaEntrega="2006-05-04" fechaTipoCambio="2006-05-04"/>
            <clavesDescripcion c_FormaPago="c_FormaPago1" c_Moneda="c_Moneda1" c_TipoDeComprobante="c_TipoDeComprobante1" c_MetodoPago="c_MetodoPago1"
                c_LugarExpedicion="c_LugarExpedicion1" c_TipoRelacion="c_TipoRelacion1" c_RegimenFiscal="c_RegimenFiscal1"
                c_ResidenciaFiscal="c_ResidenciaFiscal1" c_UsoCFDI="c_UsoCFDI1"/>
            <emisor vendedor="vendedor1" numeroProveedor="numeroProveedor1" tipoProveedor="tipoProveedor1" gln="gln1">
                <datosContactoE telefono="telefono1" emailComercial="emailComercial1" emailContacto="emailContacto1" web="web1"/>
                <domicilioFiscalE codigoSitio="codigoSitio1" calle="calle1" numero="numero1" colonia="colonia1" ciudad="ciudad1" municipio="municipio1"
                    estado="estado1" pais="pais1" codigoPostal="codigoPostal1"/>
                <sucursalE alias="alias1">
                    <domicilioSucursal codigoSitio="codigoSitio3" calle="calle3" numero="numero3" colonia="colonia3" ciudad="ciudad3" municipio="municipio3"
                        estado="estado3" pais="pais3" codigoPostal="codigoPostal3"/>
                    <datosContacto telefono="telefono3" emailComercial="emailComercial3" emailContacto="emailContacto3" web="web3"/>
                </sucursalE>
            </emisor>
            <receptor numCliente="numCliente1">
                <datosContactoR telefono="telefono5" emailComercial="emailComercial5" emailContacto="emailContacto5" web="web5"/>
                <domicilioFiscalR codigoSitio="codigoSitio5" calle="calle5" numero="numero5" colonia="colonia5" ciudad="ciudad5" municipio="municipio5"
                    estado="estado5" pais="pais5" codigoPostal="codigoPostal5"/>
                <destino>
                    <domicilioDestinoR codigoSitio="codigoSitio7" calle="calle7" numero="numero7" colonia="colonia7" ciudad="ciudad7" municipio="municipio7"
                        estado="estado7" pais="pais7" codigoPostal="codigoPostal7"/>
                    <domicilioDestinoR codigoSitio="codigoSitio9" calle="calle9" numero="numero9" colonia="colonia9" ciudad="ciudad9" municipio="municipio9"
                        estado="estado9" pais="pais9" codigoPostal="codigoPostal9"/>
                </destino>
            </receptor>
            <conceptos numeroConceptos="50">
                <concepto indicador="indicador1" identificador1="identificador11" identificador2="identificador21" descripcionExtranjera="descripcionExtranjera1"
                    valorUnitarioMonedaExtranjera="0" importeMonedaExtranjera="0" mensaje="mensaje1" unidadMedida="unidadMedida1"
                    codigoEAN="codigoEAN1" sku="sku1" nombreTransportistaC="nombreTransportistaC1" numeroEntregaC="numeroEntregaC1"
                    fechaEntregaC="2006-05-04">
                    <datosExtraC indicador="indicador3" atributo="atributo1" valor="valor1" prefijo="prefijo1" sufijo="sufijo1"/>
                    <datosExtraC indicador="indicador5" atributo="atributo3" valor="valor3" prefijo="prefijo3" sufijo="sufijo3"/>
                </concepto>
                <concepto indicador="indicador7" identificador1="identificador13" identificador2="identificador23" descripcionExtranjera="descripcionExtranjera3"
                    valorUnitarioMonedaExtranjera="0" importeMonedaExtranjera="0" mensaje="mensaje3" unidadMedida="unidadMedida3"
                    codigoEAN="codigoEAN3" sku="sku3" nombreTransportistaC="nombreTransportistaC3" numeroEntregaC="numeroEntregaC3"
                    fechaEntregaC="2006-05-04">
                    <datosExtraC indicador="indicador9" atributo="atributo5" valor="valor5" prefijo="prefijo5" sufijo="sufijo5"/>
                    <datosExtraC indicador="indicador11" atributo="atributo7" valor="valor7" prefijo="prefijo7" sufijo="sufijo7"/>
                </concepto>
            </conceptos>
            <complemento>
                <datosExtra indicador="indicador13" atributo="atributo9" valor="valor9" prefijo="prefijo9" sufijo="sufijo9"/>
                <datosExtra indicador="indicador15" atributo="atributo11" valor="valor11" prefijo="prefijo11" sufijo="sufijo11"/>
            </complemento>
        </diverza>
    </Addenda>
</Comprobante>
