<?xml version="1.0" encoding="UTF-8"?>
<Comprobante xmlns:catCFDI="http://www.sat.gob.mx/sitio_internet/cfd/catalogos"
 xmlns="http://www.sat.gob.mx/cfd/3"
 xmlns:tdCFDI="http://www.sat.gob.mx/sitio_internet/cfd/tipoDatos/tdCFDI"
 xmlns:xsi="http://www.w3.org/2001/XMLSchema-instance"
 xsi:schemaLocation="http://www.sat.gob.mx/cfd/3 file:/Users/osvaldosanchez/Documents/PROYECTOS/2017/SAT/CFDI%203.3/20Feb2017/cfdv33.xsd" Version="3.3" Serie="Serie1" Folio="Folio1" Fecha="2006-05-04T18:13:51.0Z" Sello="Sello1" FormaPago="01"
     NoCertificado="00000000000000000000" Certificado="Certificado1" CondicionesDePago="CondicionesDePago1"
     SubTotal="50.000000" Descuento="50.000000" Moneda="AED" TipoCambio="50.000000" Total="50.000000"
     TipoDeComprobante="I" MetodoPago="PUE" LugarExpedicion="00000" Confirmacion="00000">
    <CfdiRelacionados TipoRelacion="01">
        <CfdiRelacionado UUID="00000000-0000-0000-0000-000000000000"/>
        <CfdiRelacionado UUID="00000000-0000-0000-0000-000000000000"/>
    </CfdiRelacionados>
    <Emisor Rfc="&amp;&amp;&amp;000101000" Nombre="Nombre1" RegimenFiscal="601"/>
    <Receptor Rfc="&amp;&amp;&amp;000101000" Nombre="Nombre3" ResidenciaFiscal="AFG" NumRegIdTrib="NumRegIdTrib1"
         UsoCFDI="G01"/>
    <Conceptos>
        <Concepto ClaveProdServ="01010101" NoIdentificacion="NoIdentificacion1" Cantidad="50.000000" ClaveUnidad="C81"
             Unidad="Unidad1" Descripcion="Descripcion1" ValorUnitario="50.000000" Importe="50.000000"
             Descuento="50.000000">
            <Impuestos>
                <Traslados>
                    <Traslado Base="50.000000" Impuesto="001" TipoFactor="Tasa" TasaOCuota="0.000000" Importe="50.000000"/>
                    <Traslado Base="50.000000" Impuesto="001" TipoFactor="Tasa" TasaOCuota="0.000000" Importe="50.000000"/>
                </Traslados>
                <Retenciones>
                    <Retencion Base="50.000000" Impuesto="001" TipoFactor="Tasa" TasaOCuota="50.000000" Importe="50.000000"/>
                    <Retencion Base="50.000000" Impuesto="001" TipoFactor="Tasa" TasaOCuota="50.000000" Importe="50.000000"/>
                </Retenciones>
            </Impuestos>
            <InformacionAduanera NumeroPedimento="00  00  0000  0000000"/>
            <InformacionAduanera NumeroPedimento="00  00  0000  0000000"/>
            <CuentaPredial Numero="0"/>
            <ComplementoConcepto>
            </ComplementoConcepto>
            <Parte ClaveProdServ="01010101" NoIdentificacion="NoIdentificacion3" Cantidad="50.000000" Unidad="Unidad3"
                 Descripcion="Descripcion3" ValorUnitario="50.000000" Importe="50.000000">
                <InformacionAduanera NumeroPedimento="00  00  0000  0000000"/>
                <InformacionAduanera NumeroPedimento="00  00  0000  0000000"/>
            </Parte>
            <Parte ClaveProdServ="01010101" NoIdentificacion="NoIdentificacion5" Cantidad="50.000000" Unidad="Unidad5"
                 Descripcion="Descripcion5" ValorUnitario="50.000000" Importe="50.000000">
                <InformacionAduanera NumeroPedimento="00  00  0000  0000000"/>
                <InformacionAduanera NumeroPedimento="00  00  0000  0000000"/>
            </Parte>
        </Concepto>
        <Concepto ClaveProdServ="01010101" NoIdentificacion="NoIdentificacion7" Cantidad="50.000000" ClaveUnidad="C81"
             Unidad="Unidad7" Descripcion="Descripcion7" ValorUnitario="50.000000" Importe="50.000000"
             Descuento="50.000000">
            <Impuestos>
                <Traslados>
                    <Traslado Base="50.000000" Impuesto="001" TipoFactor="Tasa" TasaOCuota="0.000000" Importe="50.000000"/>
                    <Traslado Base="50.000000" Impuesto="001" TipoFactor="Tasa" TasaOCuota="0.000000" Importe="50.000000"/>
                </Traslados>
                <Retenciones>
                    <Retencion Base="50.000000" Impuesto="001" TipoFactor="Tasa" TasaOCuota="50.000000" Importe="50.000000"/>
                    <Retencion Base="50.000000" Impuesto="001" TipoFactor="Tasa" TasaOCuota="50.000000" Importe="50.000000"/>
                </Retenciones>
            </Impuestos>
            <InformacionAduanera NumeroPedimento="00  00  0000  0000000"/>
            <InformacionAduanera NumeroPedimento="00  00  0000  0000000"/>
            <CuentaPredial Numero="0"/>
            <ComplementoConcepto>
            </ComplementoConcepto>
            <Parte ClaveProdServ="01010101" NoIdentificacion="NoIdentificacion9" Cantidad="50.000000" Unidad="Unidad9"
                 Descripcion="Descripcion9" ValorUnitario="50.000000" Importe="50.000000">
                <InformacionAduanera NumeroPedimento="00  00  0000  0000000"/>
                <InformacionAduanera NumeroPedimento="00  00  0000  0000000"/>
            </Parte>
            <Parte ClaveProdServ="01010101" NoIdentificacion="NoIdentificacion11" Cantidad="50.000000" Unidad="Unidad11"
                 Descripcion="Descripcion11" ValorUnitario="50.000000" Importe="50.000000">
                <InformacionAduanera NumeroPedimento="00  00  0000  0000000"/>
                <InformacionAduanera NumeroPedimento="00  00  0000  0000000"/>
            </Parte>
        </Concepto>
    </Conceptos>
    <Impuestos TotalImpuestosRetenidos="50.000000" TotalImpuestosTrasladados="50.000000">
        <Retenciones>
            <Retencion Impuesto="001" Importe="50.000000"/>
            <Retencion Impuesto="001" Importe="50.000000"/>
        </Retenciones>
        <Traslados>
            <Traslado Impuesto="001" TipoFactor="Tasa" TasaOCuota="0.000000" Importe="50.000000"/>
            <Traslado Impuesto="001" TipoFactor="Tasa" TasaOCuota="0.000000" Importe="50.000000"/>
        </Traslados>
    </Impuestos>
    <Complemento>
    </Complemento>
    <Addenda>
        <anyElement/>
        <anyElement/>
    </Addenda>
</Comprobante>
